dataset,target_delta_col,policy,sample_kind,target_kind,target_source,n,mae,rmse,p95_abs_error,max_abs_error,corr,mean_target_delta,mean_agent_delta,mean_smooth_delta,mean_formula_delta,raw_output_min,raw_output_max,delta_below_0_count,delta_above_1_count,model_name,checkpoint,train_start_year,train_end_year,validation_year,test_year,split,split_year
test_2022_vs_canonical_agent,agent_delta,switch2_moneyness_bs_delta_residual,uniform_by_moneyness_band,delta_residual,raw_agent,15939,0.013353449034592449,0.01760002830158429,0.03478728555841171,0.06300517965328412,0.998698267771024,0.4401414310911966,0.4401414310911966,,0.4356721786895045,-0.09383063922043294,0.003297440975735917,0,0,final_WF_exp1_k1_test2022,20000,2010,2020,2021,2022,test,2022
test_2022_vs_canonical_agent,agent_delta,switch3_moneyness_bs_delta_residual,uniform_by_moneyness_band,delta_residual,raw_agent,15939,0.010307287438125564,0.013816916347638807,0.028315270872700308,0.07915802319850773,0.9991659043033867,0.4401414310911966,0.4401414310911966,,0.43829292454793006,-0.11655422156097178,0.042894226998521696,0,0,final_WF_exp1_k1_test2022,20000,2010,2020,2021,2022,test,2022
test_2022_vs_actual_traded_agent,actual_agent_delta,switch2_moneyness_bs_delta_residual,uniform_by_moneyness_band,delta_residual,raw_agent,15939,0.013644214236524165,0.018228079696770316,0.0370301768161544,0.0740354226156229,0.9986825474246293,0.4413545595686381,0.4401414310911966,,0.4356721786895045,-0.09383063922043294,0.003297440975735917,0,0,final_WF_exp1_k1_test2022,20000,2010,2020,2021,2022,test,2022
test_2022_vs_actual_traded_agent,actual_agent_delta,switch3_moneyness_bs_delta_residual,uniform_by_moneyness_band,delta_residual,raw_agent,15939,0.01077394010186647,0.0147873798632954,0.030609140525002066,0.08432973941173405,0.9990839163789762,0.4413545595686381,0.4401414310911966,,0.43829292454793006,-0.11655422156097178,0.042894226998521696,0,0,final_WF_exp1_k1_test2022,20000,2010,2020,2021,2022,test,2022
