n_years,avg_complexity,validation_target_mae,test_raw_mae,test_raw_p95,test_raw_corr
9,9.555555555555555,0.017228440133395237,0.020878284348162853,0.05511065261641648,0.9946291351021288
